{"name":"Color+", "description":"By Orz-3", "icons":[{"name":"Flower", "url":"https://raw.githubusercontent.com/Orz-3/mini/master/Color/Flower.png"}, {"name":"Maying", "url":"https://raw.githubusercontent.com/Orz-3/mini/master/Color/Maying.png"}, {"name":"Nexitally", "url":"https://raw.githubusercontent.com/Orz-3/mini/master/Color/Nex.png"}, {"name":"Dler", "url":"https://raw.githubusercontent.com/Orz-3/mini/master/Color/Dler.png"}, {"name":"Cylink", "url":"https://raw.githubusercontent.com/Orz-3/mini/master/Color/Cylink.png"}, {"name":"SaySS", "url":"https://raw.githubusercontent.com/Orz-3/mini/master/Color/SaySS.png"}, {"name":"Boslife", "url":"https://raw.githubusercontent.com/Orz-3/mini/master/Color/Boslife.png"}, {"name":"CCCat", "url":"https://raw.githubusercontent.com/Orz-3/mini/master/Color/CCCat.png"}, {"name":"AAEX", "url":"https://raw.githubusercontent.com/Orz-3/mini/master/Color/AAEX.png"}, {"name":"Hitun", "url":"https://raw.githubusercontent.com/Orz-3/mini/master/Color/Hitun.png"}, {"name":"MDSS", "url":"https://raw.githubusercontent.com/Orz-3/mini/master/Color/MDSS.png"}, {"name":"STC", "url":"https://raw.githubusercontent.com/Orz-3/mini/master/Color/STC.png"}, {"name":"Blinkload", "url":"https://raw.githubusercontent.com/Orz-3/mini/master/Color/Blink.png"}, {"name":"YTOO", "url":"https://raw.githubusercontent.com/Orz-3/mini/master/Color/Ytoo.png"}, {"name":"SSP", "url":"https://raw.githubusercontent.com/Orz-3/mini/master/Color/Ssp.png"}, {"name":"Renzhe", "url":"https://raw.githubusercontent.com/Orz-3/mini/master/Color/Renzhe.png"}, {"name":"NSFW", "url":"https://raw.githubusercontent.com/Orz-3/mini/master/Color/NSFW.png"}, {"name":"Cord", "url":"https://raw.githubusercontent.com/Orz-3/mini/master/Color/Cord.png"}, {"name":"Exflux", "url":"https://raw.githubusercontent.com/Orz-3/mini/master/Color/Exflux.png"}, {"name":"ImmTel", "url":"https://raw.githubusercontent.com/Orz-3/mini/master/Color/Imm.png"}, {"name":"Xingmeng", "url":"https://raw.githubusercontent.com/Orz-3/mini/master/Color/Xingmeng.png"}, {"name":"Ark", "url":"https://raw.githubusercontent.com/Orz-3/mini/master/Color/Ark.png"}, {"name":"Amy", "url":"https://raw.githubusercontent.com/Orz-3/mini/master/Color/Amy.png"}, {"name":"GuGuEX", "url":"https://raw.githubusercontent.com/Orz-3/mini/master/Color/Guguex.png"}, {"name":"Kache", "url":"https://raw.githubusercontent.com/Orz-3/mini/master/Color/Kache.png"}, {"name":"Cm", "url":"https://raw.githubusercontent.com/Orz-3/mini/master/Color/Cm.png"}, {"name":"Fastnode", "url":"https://raw.githubusercontent.com/Orz-3/mini/master/Color/Fastnode.png"}, {"name":"Boom", "url":"https://raw.githubusercontent.com/Orz-3/mini/master/Color/Boom.png"}, {"name":"Np", "url":"https://raw.githubusercontent.com/Orz-3/mini/master/Color/Np.png"}, {"name":"Catnet", "url":"https://raw.githubusercontent.com/Orz-3/mini/master/Color/Catnet.png"}, {"name":"Xair", "url":"https://raw.githubusercontent.com/Orz-3/mini/master/Color/Xair.png"}, {"name":"Dukou", "url":"https://raw.githubusercontent.com/Orz-3/mini/master/Color/Dukou.png"}, {"name":"CoCo", "url":"https://raw.githubusercontent.com/Orz-3/mini/master/Color/Coco.png"}, {"name":"V2Tun", "url":"https://raw.githubusercontent.com/Orz-3/mini/master/Color/V2tun.png"}, {"name":"DLK", "url":"https://raw.githubusercontent.com/Orz-3/mini/master/Color/DLK.png"}, {"name":"Fastlink", "url":"https://raw.githubusercontent.com/Orz-3/mini/master/Color/Fastlink.png"}, {"name":"Yunyi", "url":"https://raw.githubusercontent.com/Orz-3/mini/master/Color/Yunyi.png"}, {"name":"CNIX", "url":"https://raw.githubusercontent.com/Orz-3/mini/master/Color/CNIX.png"}, {"name":"Zhs", "url":"https://raw.githubusercontent.com/Orz-3/mini/master/Color/Zhs.png"}, {"name":"Bywave", "url":"https://raw.githubusercontent.com/Orz-3/mini/master/Color/Bywave.png"}, {"name":"Ywhl", "url":"https://raw.githubusercontent.com/Orz-3/mini/master/Color/Ywhl.png"}, {"name":"Kedou", "url":"https://raw.githubusercontent.com/Orz-3/mini/master/Color/Kedou.png"}, {"name":"Fastfish", "url":"https://raw.githubusercontent.com/Orz-3/mini/master/Color/Fastfish.png"}, {"name":"Dianliang", "url":"https://raw.githubusercontent.com/Orz-3/mini/master/Color/Dianliang.png"}, {"name":"ASN", "url":"https://raw.githubusercontent.com/Orz-3/mini/master/Color/ASN.png"}, {"name":"WestData", "url":"https://raw.githubusercontent.com/Orz-3/mini/master/Color/WestData.png"}, {"name":"SSlinks", "url":"https://raw.githubusercontent.com/Orz-3/mini/master/Color/SSlinks.png"}, {"name":"Paoluz", "url":"https://raw.githubusercontent.com/Orz-3/mini/master/Color/Paoluz.png"}, {"name":"Prpr", "url":"https://raw.githubusercontent.com/Orz-3/mini/master/Color/Prpr.png"}, {"name":"Skicat", "url":"https://raw.githubusercontent.com/Orz-3/mini/master/Color/Skicat.png"}, {"name":"Suda", "url":"https://raw.githubusercontent.com/Orz-3/mini/master/Color/Suda.png"}, {"name":"Muchang", "url":"https://raw.githubusercontent.com/Orz-3/mini/master/Color/Muchang.png"}, {"name":"Shandian", "url":"https://raw.githubusercontent.com/Orz-3/mini/master/Color/Shandian.png"}, {"name":"MGNB", "url":"https://raw.githubusercontent.com/Orz-3/mini/master/Color/MGNB.png"}, {"name":"Wallless", "url":"https://raw.githubusercontent.com/Orz-3/mini/master/Color/Wallless.png"}, {"name":"Element", "url":"https://raw.githubusercontent.com/Orz-3/mini/master/Color/Element.png"}, {"name":"BitCloud", "url":"https://raw.githubusercontent.com/Orz-3/mini/master/Color/Bitcloud.png"}, {"name":"Hxlm", "url":"https://raw.githubusercontent.com/Orz-3/mini/master/Color/Hxlm.png"}, {"name":"Miaona", "url":"https://raw.githubusercontent.com/Orz-3/mini/master/Color/Miao.png"}, {"name":"Duang", "url":"https://raw.githubusercontent.com/Orz-3/mini/master/Color/Duang.png"}, {"name":"FNF", "url":"https://raw.githubusercontent.com/Orz-3/mini/master/Color/FNF.png"}, {"name":"Rookie", "url":"https://raw.githubusercontent.com/Orz-3/mini/master/Color/Rookie.png"}, {"name":"OvO", "url":"https://raw.githubusercontent.com/Orz-3/mini/master/Color/OvO.png"}, {"name":"Socloud", "url":"https://raw.githubusercontent.com/Orz-3/mini/master/Color/Socloud.png"}, {"name":"Suncloud", "url":"https://raw.githubusercontent.com/Orz-3/mini/master/Color/Sun.png"}, {"name":"GLaDOS", "url":"https://raw.githubusercontent.com/Orz-3/mini/master/Color/GLaDOS.png"}, {"name":"Situ", "url":"https://raw.githubusercontent.com/Orz-3/mini/master/Color/Situ.png"}, {"name":"Kuai", "url":"https://raw.githubusercontent.com/Orz-3/mini/master/Color/Kuai.png"}, {"name":"SWCloud", "url":"https://raw.githubusercontent.com/Orz-3/mini/master/Color/SWCloud.png"}, {"name":"MIMEMI", "url":"https://raw.githubusercontent.com/Orz-3/mini/master/Color/Mimemi.png"}, {"name":"XTunnel", "url":"https://raw.githubusercontent.com/Orz-3/mini/master/Color/XTunnel.png"}, {"name":"Touhou", "url":"https://raw.githubusercontent.com/Orz-3/mini/master/Color/Touhou.png"}, {"name":"Pacifiuue", "url":"https://raw.githubusercontent.com/Orz-3/mini/master/Color/Pacifique.png"}, {"name":"GaCloud", "url":"https://raw.githubusercontent.com/Orz-3/mini/master/Color/GaCloud.png"}, {"name":"Enet", "url":"https://raw.githubusercontent.com/Orz-3/mini/master/Color/Enet.png"}, {"name":"FRANXX", "url":"https://raw.githubusercontent.com/Orz-3/mini/master/Color/FRANXX.png"}, {"name":"Nucleus", "url":"https://raw.githubusercontent.com/Orz-3/mini/master/Color/Nucleus.png"}, {"name":"Flyint", "url":"https://raw.githubusercontent.com/Orz-3/mini/master/Color/Flyint.png"}, {"name":"SCTC", "url":"https://raw.githubusercontent.com/Orz-3/mini/master/Color/SCTC.png"}, {"name":"AEX", "url":"https://raw.githubusercontent.com/Orz-3/mini/master/Color/AEX.png"}, {"name":"LiYing", "url":"https://raw.githubusercontent.com/Orz-3/mini/master/Color/LiYing.png"}, {"name":"Godetia", "url":"https://raw.githubusercontent.com/Orz-3/mini/master/Color/Godetia.png"}, {"name":"Thunder", "url":"https://raw.githubusercontent.com/Orz-3/mini/master/Color/Thunder.png"}, {"name":"Kafka", "url":"https://raw.githubusercontent.com/Orz-3/mini/master/Color/Kafka.png"}]}
