{"name":"mini icons", "description":"By Orz-3", "icons":[{"name":"Flower", "url":"https://raw.githubusercontent.com/Orz-3/mini/master/Alpha/Flower.png"}, {"name":"Maying", "url":"https://raw.githubusercontent.com/Orz-3/mini/master/Alpha/Maying.png"}, {"name":"Nexitally", "url":"https://raw.githubusercontent.com/Orz-3/mini/master/Alpha/Nex.png"}, {"name":"Dler", "url":"https://raw.githubusercontent.com/Orz-3/mini/master/Alpha/Dler.png"}, {"name":"Cylink", "url":"https://raw.githubusercontent.com/Orz-3/mini/master/Alpha/Cylink.png"}, {"name":"SaySS", "url":"https://raw.githubusercontent.com/Orz-3/mini/master/Alpha/SaySS.png"}, {"name":"Boslife", "url":"https://raw.githubusercontent.com/Orz-3/mini/master/Alpha/Boslife.png"}, {"name":"CCCat", "url":"https://raw.githubusercontent.com/Orz-3/mini/master/Alpha/CCCat.png"}, {"name":"AAEX", "url":"https://raw.githubusercontent.com/Orz-3/mini/master/Alpha/AAEX.png"}, {"name":"Hitun", "url":"https://raw.githubusercontent.com/Orz-3/mini/master/Alpha/Hitun.png"}, {"name":"MDSS", "url":"https://raw.githubusercontent.com/Orz-3/mini/master/Alpha/MDSS.png"}, {"name":"STC", "url":"https://raw.githubusercontent.com/Orz-3/mini/master/Alpha/STC.png"}, {"name":"Blinkload", "url":"https://raw.githubusercontent.com/Orz-3/mini/master/Alpha/Blink.png"}, {"name":"YTOO", "url":"https://raw.githubusercontent.com/Orz-3/mini/master/Alpha/Ytoo.png"}, {"name":"SSP", "url":"https://raw.githubusercontent.com/Orz-3/mini/master/Alpha/Ssp.png"}, {"name":"Renzhe", "url":"https://raw.githubusercontent.com/Orz-3/mini/master/Alpha/Renzhe.png"}, {"name":"NSFW", "url":"https://raw.githubusercontent.com/Orz-3/mini/master/Alpha/NSFW.png"}, {"name":"Cord", "url":"https://raw.githubusercontent.com/Orz-3/mini/master/Alpha/Cord.png"}, {"name":"Exflux", "url":"https://raw.githubusercontent.com/Orz-3/mini/master/Alpha/Exflux.png"}, {"name":"ImmTel", "url":"https://raw.githubusercontent.com/Orz-3/mini/master/Alpha/Imm.png"}, {"name":"Xingmeng", "url":"https://raw.githubusercontent.com/Orz-3/mini/master/Alpha/Xingmeng.png"}, {"name":"Ark", "url":"https://raw.githubusercontent.com/Orz-3/mini/master/Alpha/Ark.png"}, {"name":"Amy", "url":"https://raw.githubusercontent.com/Orz-3/mini/master/Alpha/Amy.png"}, {"name":"GuGuEX", "url":"https://raw.githubusercontent.com/Orz-3/mini/master/Alpha/Guguex.png"}, {"name":"Kache", "url":"https://raw.githubusercontent.com/Orz-3/mini/master/Alpha/Kache.png"}, {"name":"Cm", "url":"https://raw.githubusercontent.com/Orz-3/mini/master/Alpha/Cm.png"}, {"name":"Fastnode", "url":"https://raw.githubusercontent.com/Orz-3/mini/master/Alpha/Fastnode.png"}, {"name":"Boom", "url":"https://raw.githubusercontent.com/Orz-3/mini/master/Alpha/Boom.png"}, {"name":"Np", "url":"https://raw.githubusercontent.com/Orz-3/mini/master/Alpha/Np.png"}, {"name":"Catnet", "url":"https://raw.githubusercontent.com/Orz-3/mini/master/Alpha/Catnet.png"}, {"name":"Xair", "url":"https://raw.githubusercontent.com/Orz-3/mini/master/Alpha/Xair.png"}, {"name":"Dukou", "url":"https://raw.githubusercontent.com/Orz-3/mini/master/Alpha/Dukou.png"}, {"name":"CoCo", "url":"https://raw.githubusercontent.com/Orz-3/mini/master/Alpha/Coco.png"}, {"name":"V2Tun", "url":"https://raw.githubusercontent.com/Orz-3/mini/master/Alpha/V2tun.png"}, {"name":"DLK", "url":"https://raw.githubusercontent.com/Orz-3/mini/master/Alpha/DLK.png"}, {"name":"Fastlink", "url":"https://raw.githubusercontent.com/Orz-3/mini/master/Alpha/Fastlink.png"}, {"name":"Yunyi", "url":"https://raw.githubusercontent.com/Orz-3/mini/master/Alpha/Yunyi.png"}, {"name":"CNIX", "url":"https://raw.githubusercontent.com/Orz-3/mini/master/Alpha/CNIX.png"}, {"name":"Zhs", "url":"https://raw.githubusercontent.com/Orz-3/mini/master/Alpha/Zhs.png"}, {"name":"Bywave", "url":"https://raw.githubusercontent.com/Orz-3/mini/master/Alpha/Bywave.png"}, {"name":"Ywhl", "url":"https://raw.githubusercontent.com/Orz-3/mini/master/Alpha/Ywhl.png"}, {"name":"Kedou", "url":"https://raw.githubusercontent.com/Orz-3/mini/master/Alpha/Kedou.png"}, {"name":"Fastfish", "url":"https://raw.githubusercontent.com/Orz-3/mini/master/Alpha/Fastfish.png"}, {"name":"Dianliang", "url":"https://raw.githubusercontent.com/Orz-3/mini/master/Alpha/Dianliang.png"}, {"name":"ASN", "url":"https://raw.githubusercontent.com/Orz-3/mini/master/Alpha/ASN.png"}, {"name":"WestData", "url":"https://raw.githubusercontent.com/Orz-3/mini/master/Alpha/WestData.png"}, {"name":"SSlinks", "url":"https://raw.githubusercontent.com/Orz-3/mini/master/Alpha/SSlinks.png"}, {"name":"Paoluz", "url":"https://raw.githubusercontent.com/Orz-3/mini/master/Alpha/Paoluz.png"}, {"name":"Prpr", "url":"https://raw.githubusercontent.com/Orz-3/mini/master/Alpha/Prpr.png"}, {"name":"Skicat", "url":"https://raw.githubusercontent.com/Orz-3/mini/master/Alpha/Skicat.png"}, {"name":"Suda", "url":"https://raw.githubusercontent.com/Orz-3/mini/master/Alpha/Suda.png"}, {"name":"Muchang", "url":"https://raw.githubusercontent.com/Orz-3/mini/master/Alpha/Muchang.png"}, {"name":"Shandian", "url":"https://raw.githubusercontent.com/Orz-3/mini/master/Alpha/Shandian.png"}, {"name":"MGNB", "url":"https://raw.githubusercontent.com/Orz-3/mini/master/Alpha/MGNB.png"}, {"name":"Wallless", "url":"https://raw.githubusercontent.com/Orz-3/mini/master/Alpha/Wallless.png"}, {"name":"Element", "url":"https://raw.githubusercontent.com/Orz-3/mini/master/Alpha/Element.png"}, {"name":"BitCloud", "url":"https://raw.githubusercontent.com/Orz-3/mini/master/Alpha/Bitcloud.png"}, {"name":"Hxlm", "url":"https://raw.githubusercontent.com/Orz-3/mini/master/Alpha/Hxlm.png"}, {"name":"Miaona", "url":"https://raw.githubusercontent.com/Orz-3/mini/master/Alpha/Miao.png"}, {"name":"Duang", "url":"https://raw.githubusercontent.com/Orz-3/mini/master/Alpha/Duang.png"}, {"name":"FNF", "url":"https://raw.githubusercontent.com/Orz-3/mini/master/Alpha/FNF.png"}, {"name":"Rookie", "url":"https://raw.githubusercontent.com/Orz-3/mini/master/Alpha/Rookie.png"}, {"name":"OvO", "url":"https://raw.githubusercontent.com/Orz-3/mini/master/Alpha/OvO.png"}, {"name":"Socloud", "url":"https://raw.githubusercontent.com/Orz-3/mini/master/Alpha/Socloud.png"}, {"name":"Suncloud", "url":"https://raw.githubusercontent.com/Orz-3/mini/master/Alpha/Sun.png"}, {"name":"GLaDOS", "url":"https://raw.githubusercontent.com/Orz-3/mini/master/Alpha/GLaDOS.png"}, {"name":"Situ", "url":"https://raw.githubusercontent.com/Orz-3/mini/master/Alpha/Situ.png"}, {"name":"Kuai", "url":"https://raw.githubusercontent.com/Orz-3/mini/master/Alpha/Kuai.png"}, {"name":"SWCloud", "url":"https://raw.githubusercontent.com/Orz-3/mini/master/Alpha/SWCloud.png"}, {"name":"MIMEMI", "url":"https://raw.githubusercontent.com/Orz-3/mini/master/Alpha/Mimemi.png"}, {"name":"XTunnel", "url":"https://raw.githubusercontent.com/Orz-3/mini/master/Alpha/XTunnel.png"}, {"name":"Touhou", "url":"https://raw.githubusercontent.com/Orz-3/mini/master/Alpha/Touhou.png"}, {"name":"Pacifiuue", "url":"https://raw.githubusercontent.com/Orz-3/mini/master/Alpha/Pacifique.png"}, {"name":"GaCloud", "url":"https://raw.githubusercontent.com/Orz-3/mini/master/Alpha/GaCloud.png"}, {"name":"Enet", "url":"https://raw.githubusercontent.com/Orz-3/mini/master/Alpha/Enet.png"}, {"name":"FRANXX", "url":"https://raw.githubusercontent.com/Orz-3/mini/master/Alpha/FRANXX.png"}, {"name":"Nucleus", "url":"https://raw.githubusercontent.com/Orz-3/mini/master/Alpha/Nucleus.png"}, {"name":"Flyint", "url":"https://raw.githubusercontent.com/Orz-3/mini/master/Alpha/Flyint.png"}, {"name":"SCTC", "url":"https://raw.githubusercontent.com/Orz-3/mini/master/Alpha/SCTC.png"}, {"name":"AEX", "url":"https://raw.githubusercontent.com/Orz-3/mini/master/Alpha/AEX.png"}, {"name":"LiYing", "url":"https://raw.githubusercontent.com/Orz-3/mini/master/Alpha/LiYing.png"}, {"name":"Godetia", "url":"https://raw.githubusercontent.com/Orz-3/mini/master/Alpha/Godetia.png"}, {"name":"Thunder", "url":"https://raw.githubusercontent.com/Orz-3/mini/master/Alpha/Thunder.png"}, {"name":"Kafka", "url":"https://raw.githubusercontent.com/Orz-3/mini/master/Alpha/Kafka.png"}]}
