{
"name":"拿她练技术", 
"description":"好好学习、天天向上", 
"icons":
[
{"name":"ㅤㅤㅤ1", "url":"https://raw.githubusercontent.com/LovedGM/Quantumult-X-TuBiao/main/zishi-cs/zs1.png"}, 
{"name":"ㅤㅤㅤ2", "url":"https://raw.githubusercontent.com/LovedGM/Quantumult-X-TuBiao/main/zishi-cs/zs2.png"},
{"name":"ㅤㅤㅤ3", "url":"https://raw.githubusercontent.com/LovedGM/Quantumult-X-TuBiao/main/zishi-cs/zs3.png"},
{"name":"ㅤㅤㅤ4", "url":"https://raw.githubusercontent.com/LovedGM/Quantumult-X-TuBiao/main/zishi-cs/zs4.png"},
{"name":"ㅤㅤㅤ5", "url":"https://raw.githubusercontent.com/LovedGM/Quantumult-X-TuBiao/main/zishi-cs/zs5.png"},
{"name":"6", "url":"https://raw.githubusercontent.com/LovedGM/Quantumult-X-TuBiao/main/zishi-cs/zs6.png"},
{"name":"ㅤㅤㅤ7", "url":"https://raw.githubusercontent.com/LovedGM/Quantumult-X-TuBiao/main/zishi-cs/zs7.png"},
{"name":"ㅤㅤㅤ8", "url":"https://raw.githubusercontent.com/LovedGM/Quantumult-X-TuBiao/main/zishi-cs/zs8.png"},
{"name":"ㅤㅤㅤ9", "url":"https://raw.githubusercontent.com/LovedGM/Quantumult-X-TuBiao/main/zishi-cs/zs9.png"},
{"name":"ㅤㅤㅤ10", "url":"https://raw.githubusercontent.com/LovedGM/Quantumult-X-TuBiao/main/zishi-cs/zs10.png"},
{"name":"ㅤㅤㅤ11", "url":"https://raw.githubusercontent.com/LovedGM/Quantumult-X-TuBiao/main/zishi-cs/zs11.png"},
{"name":"ㅤㅤㅤ12", "url":"https://raw.githubusercontent.com/LovedGM/Quantumult-X-TuBiao/main/zishi-cs/zs12.png"},
{"name":"ㅤㅤㅤ13", "url":"https://raw.githubusercontent.com/LovedGM/Quantumult-X-TuBiao/main/zishi-cs/zs13.png"},
{"name":"ㅤㅤㅤ14", "url":"https://raw.githubusercontent.com/LovedGM/Quantumult-X-TuBiao/main/zishi-cs/zs14.png"},
{"name":"ㅤㅤㅤ15", "url":"https://raw.githubusercontent.com/LovedGM/Quantumult-X-TuBiao/main/zishi-cs/zs15.png"},
{"name":"ㅤㅤㅤ16", "url":"https://raw.githubusercontent.com/LovedGM/Quantumult-X-TuBiao/main/zishi-cs/zs16.png"},
{"name":"ㅤㅤㅤ17", "url":"https://raw.githubusercontent.com/LovedGM/Quantumult-X-TuBiao/main/zishi-cs/zs17.png"},
{"name":"ㅤㅤㅤ18", "url":"https://raw.githubusercontent.com/LovedGM/Quantumult-X-TuBiao/main/zishi-cs/zs18.png"},
{"name":"ㅤㅤㅤ19", "url":"https://raw.githubusercontent.com/LovedGM/Quantumult-X-TuBiao/main/zishi-cs/zs19.png"},
{"name":"ㅤㅤㅤ20", "url":"https://raw.githubusercontent.com/LovedGM/Quantumult-X-TuBiao/main/zishi-cs/zs20.png"},
{"name":"ㅤㅤㅤ21", "url":"https://raw.githubusercontent.com/LovedGM/Quantumult-X-TuBiao/main/zishi-cs/zs21.png"},
{"name":"ㅤㅤㅤ22", "url":"https://raw.githubusercontent.com/LovedGM/Quantumult-X-TuBiao/main/zishi-cs/zs22.png"},
{"name":"ㅤㅤㅤ23", "url":"https://raw.githubusercontent.com/LovedGM/Quantumult-X-TuBiao/main/zishi-cs/zs23.png"},
{"name":"ㅤㅤㅤ24", "url":"https://raw.githubusercontent.com/LovedGM/Quantumult-X-TuBiao/main/zishi-cs/zs24.png"},
{"name":"ㅤㅤㅤ25", "url":"https://raw.githubusercontent.com/LovedGM/Quantumult-X-TuBiao/main/zishi-cs/zs25.png"},
{"name":"ㅤㅤㅤ26", "url":"https://raw.githubusercontent.com/LovedGM/Quantumult-X-TuBiao/main/zishi-cs/zs26.png"},
{"name":"ㅤㅤㅤ27", "url":"https://raw.githubusercontent.com/LovedGM/Quantumult-X-TuBiao/main/zishi-cs/zs27.png"},
{"name":"ㅤㅤㅤ28", "url":"https://raw.githubusercontent.com/LovedGM/Quantumult-X-TuBiao/main/zishi-cs/zs28.png"},
{"name":"ㅤㅤㅤ29", "url":"https://raw.githubusercontent.com/LovedGM/Quantumult-X-TuBiao/main/zishi-cs/zs29.png"},
{"name":"ㅤㅤㅤ30", "url":"https://raw.githubusercontent.com/LovedGM/Quantumult-X-TuBiao/main/zishi-cs/zs30.png"},
{"name":"ㅤㅤㅤ31", "url":"https://raw.githubusercontent.com/LovedGM/Quantumult-X-TuBiao/main/zishi-cs/zs31.png"},
{"name":"ㅤㅤㅤ32", "url":"https://raw.githubusercontent.com/LovedGM/Quantumult-X-TuBiao/main/zishi-cs/zs32.png"},
{"name":"ㅤㅤㅤ33", "url":"https://raw.githubusercontent.com/LovedGM/Quantumult-X-TuBiao/main/zishi-cs/zs33.png"},
{"name":"ㅤㅤㅤ34", "url":"https://raw.githubusercontent.com/LovedGM/Quantumult-X-TuBiao/main/zishi-cs/zs34.png"},
{"name":"ㅤㅤㅤ35", "url":"https://raw.githubusercontent.com/LovedGM/Quantumult-X-TuBiao/main/zishi-cs/zs35.png"},
{"name":"ㅤㅤㅤ36", "url":"https://raw.githubusercontent.com/LovedGM/Quantumult-X-TuBiao/main/zishi-cs/zs36.png"},
{"name":"ㅤㅤㅤ37", "url":"https://raw.githubusercontent.com/LovedGM/Quantumult-X-TuBiao/main/zishi-cs/zs37.png"},
{"name":"ㅤㅤㅤ38", "url":"https://raw.githubusercontent.com/LovedGM/Quantumult-X-TuBiao/main/zishi-cs/zs38.png"},
{"name":"ㅤㅤㅤ39", "url":"https://raw.githubusercontent.com/LovedGM/Quantumult-X-TuBiao/main/zishi-cs/zs39.png"},
{"name":"ㅤㅤㅤ40", "url":"https://raw.githubusercontent.com/LovedGM/Quantumult-X-TuBiao/main/zishi-cs/zs40.png"},
]
}
